Alabama;Tallahassee;French Camp Turnpike Road;7
Alabama;Springfield;East Calle Primera;43
Alabama;Annapolis;San Simeon;31
Alabama;Springfield;Jean de la Fontaine;55
Alabama;Boston;Lindbergh Blvd;53
Alabama;Austin;Grandview Drive;19
Alabama;Montpelier;North Preisker Lane;26
Alabama;Boston;Redwood Highway;92
Alaska;Atlanta;North Ventu Park Road;76
Alaska;Boise;Fontaine Road;46
Alaska;Tallahassee;Newbury Road;90
Alaska;Lincoln;Calle Real;86
Alaska;Topeka;Steele Lane;33
Alaska;Salem;Santa Ana Freeway;97
Alaska;Salem;Newbury Road;23
Alaska;Salt Lake City;Lake Tahoe Blvd.;88
Alaska;Hartford;Hutchinson Rd;65
Alaska;Frankfort;South Roosevelt Drive;57
Alaska;Saint Paul;Timberlane Drive;25
Alaska;Springfield;East Calle Primera;96
Alaska;Dover;Erringer Road;47
Arizona;Phoenix;Tully Road East;50
Arizona;Salem;Camelback Rd;79
Arizona;Salem;Lindbergh Blvd;27
Arizona;Annapolis;San Ysidro Blvd;84
Arizona;Denver;French Camp Turnpike Road;20
Arizona;Baton Rouge;W. Russell St.;86
Arizona;Juneau;Steele Lane;66
Arizona;Topeka;Milpas Street;26
Arizona;Concord;Lake Tahoe Blvd.;40
Arizona;Jefferson City;Santa Rosa North;48
Arizona;Carson City;North Atherton Street;47
Arizona;Lincoln;North Preisker Lane;61
Arizona;Oklahoma City;French Camp Turnpike Road;71
Arizona;Columbia;Greenwood Road;40
Arizona;Salem;Redwood Highway;27
Arizona;Little Rock;Timberlane Drive;63
Arizona;Trenton;Tanger Blvd;67
Arkansas;Annapolis;Bowles Avenue;100
Arkansas;Columbus;Fairview Avenue;17
Arkansas;Salt Lake City;North Atherton Street;86
Arkansas;Topeka;Apalachee Parkway;1
Arkansas;Springfield;Camelback Rd;96
Arkansas;Oklahoma City;Santa Rosa South;34
Arkansas;Carson City;Burnett Road;53
Arkansas;Salem;Tully Road East;21
Arkansas;Indianapolis;Bayshore Freeway;55
Arkansas;Oklahoma City;Richmond Hill;99
Arkansas;Augusta;Katella Avenue;11
Arkansas;Concord;Santa Rosa North;41
Arkansas;Indianapolis;Carpinteria South;40
Arkansas;Indianapolis;Bailard Avenue;75
Arkansas;Montpelier;San Luis Obispo North;69
Arkansas;Boise;North Preisker Lane;29
Arkansas;Columbus;San Simeon;23
Arkansas;Boise;East Main Street;48
California;Frankfort;N Kentwood;13
California;Albany;French Camp Turnpike Road;7
California;Baton Rouge;N Harrison St;31
California;Frankfort;Harry S Truman Blvd;98
California;Topeka;Santa Rosa South;4
California;Hartford;Jean de la Fontaine;51
California;Santa Fe;Via Real;42
California;Boise;Lake Tahoe Blvd.;97
California;Juneau;Grandview Drive;25
California;Jackson;Santa Monica Road;35
California;Carson City;Santa Monica Road;40
California;Columbia;San Luis Obispo North;85
California;Raleigh;Santa Monica Road;47
California;Santa Fe;Richmond Hill;53
Colorado;Boston;Moreno Drive;13
Colorado;Denver;S Rustle St;9
Colorado;Nashville;East Main Street;21
Colorado;Augusta;Tully Road East;86
Colorado;Lincoln;San Ysidro Blvd;26
Colorado;Tallahassee;W. Russell St.;23
Colorado;Augusta;South Highway;77
Colorado;Jackson;Hutchinson Rd;37
Colorado;Boise;Tully Road East;83
Colorado;Nashville;N Kentwood;84
Colorado;Honolulu;Newbury Road;22
Colorado;Honolulu;Jones Road;55
Colorado;Salem;Jean de la Fontaine;97
Colorado;Topeka;Pacific Hwy S;1
Colorado;Lincoln;North Erringer Road;33
Colorado;Boston;Harry S Truman Blvd;97
Colorado;Montpelier;Burnett Road;76
Colorado;Nashville;Carpinteria Avenue;60
Connecticut;Charleston;San Marcos;82
Connecticut;Salem;Tanger Blvd;34
Connecticut;Raleigh;Bayshore Freeway;79
Connecticut;Columbia;East 1st Street;26
Connecticut;Trenton;Cabrillo Highway;46
Connecticut;Oklahoma City;Tully Road East;58
Connecticut;Lincoln;Bayshore Freeway;15
Connecticut;Santa Fe;French Camp Turnpike Road;50
Connecticut;Salt Lake City;E Fowler Avenue;34
Connecticut;Lincoln;S Rustle St;98
Connecticut;Montpelier;Jones Road;91
Connecticut;Augusta;N Harrison St;91
Connecticut;Madison;Cerrillos Road;90
Connecticut;Harrisburg;Bayshore Freeway;8
Delaware;Lansing;E Fowler Avenue;88
Delaware;Indianapolis;Moreno Drive;91
Delaware;Carson City;Fontaine Road;97
Delaware;Trenton;Tanger Blvd;10
Delaware;Concord;Greenwood Road;30
Delaware;Juneau;Westside Freeway;56
Delaware;Baton Rouge;East Calle Primera;27
Delaware;Olympia;Carpinteria South;78
Delaware;Montpelier;Redwood Highway;5
Delaware;Columbia;San Marcos;58
Delaware;Montpelier;North Preisker Lane;51
Delaware;Hartford;East Calle Primera;49
Delaware;Tallahassee;Lawrenceville Suwanee;70
Delaware;Trenton;South Roosevelt Drive;53
Delaware;Tallahassee;San Marcos;95
Delaware;Nashville;Santa Rosa North;99
Delaware;Sacramento;Lake Tahoe Blvd.;46
Delaware;Juneau;Burnett Road;24
Delaware;Oklahoma City;Santa Rosa North;59
Delaware;Juneau;Santa Ana Freeway;37
Delaware;Boise;San Diego Freeway;45
Florida;Columbus;Cabrillo Highway;29
Florida;Lansing;San Simeon;50
Florida;Lincoln;North Atherton Street;83
Florida;Olympia;Jean de la Fontaine;5
Florida;Atlanta;San Marcos;6
Florida;Topeka;Woodson Rd.;27
Florida;Concord;East Main Street;100
Florida;Tallahassee;East Calle Primera;71
Florida;Cheyenne;East Main Street;96
Florida;Providence;East Calle Primera;74
Florida;Salem;N Harrison St;0
Florida;Denver;Cerrillos Road;53
Florida;Richmond;N Harrison St;11
Florida;Trenton;Harry S Truman Blvd;21
Florida;Lincoln;Katella Avenue;19
Florida;Helena;Newbury Road;94
Florida;Boston;Cerrillos Road;43
Florida;Annapolis;Pacific Hwy S;46
Florida;Sacramento;Lindbergh Blvd;73
Florida;Topeka;East Fry Blvd.;79
Florida;Salem;North Erringer Road;31
Florida;Albany;Cerrillos Road;61
Georgia;Oklahoma City;Milpas Street;42
Georgia;Raleigh;Woodson Rd.;97
Georgia;Montpelier;Timberlane Drive;46
Georgia;Springfield;Fairview Avenue;31
Georgia;Phoenix;W. Russell St.;43
Georgia;Charleston;E Fowler Avenue;56
Georgia;Topeka;Steele Lane;50
Georgia;Richmond;Erringer Road;12
Georgia;Juneau;Carpinteria South;38
Georgia;Boise;Redwood Highway;36
Georgia;Hartford;Padre Boulevard;10
Georgia;Richmond;S Rustle St;2
Georgia;Jackson;Lindbergh Blvd;48
Georgia;Pierre;Milpas Street;38
Georgia;Juneau;El Camino Real;92
Georgia;Charleston;Apalachee Parkway;4
Georgia;Salem;Bailard Avenue;7
Hawaii;Madison;Grandview Drive;98
Hawaii;Bismarck;Milpas Street;98
Hawaii;Des Moines;French Camp Turnpike Road;52
Hawaii;Hartford;Bowles Avenue;96
Hawaii;Carson City;Corona Del Mar;69
Hawaii;Harrisburg;Cerrillos Road;13
Hawaii;Carson City;Katella Avenue;16
Hawaii;Annapolis;San Luis Obispo North;68
Hawaii;Pierre;Hutchinson Rd;43
Hawaii;Raleigh;San Simeon;52
Hawaii;Lansing;Carpinteria Avenue;26
Hawaii;Providence;Greenwood Road;89
Hawaii;Austin;W. Russell St.;98
Hawaii;Honolulu;Santa Ana Freeway;84
Hawaii;Richmond;San Diego Freeway;74
Hawaii;Nashville;Redwood Highway;13
Hawaii;Jackson;Santa Rosa South;25
Hawaii;Helena;El Camino Real;22
Hawaii;Bismarck;Redwood Highway;62
Hawaii;Jefferson City;Padre Boulevard;77
Hawaii;Saint Paul;Carpinteria North;4
Hawaii;Frankfort;Corona Del Mar;15
Idaho;Carson City;French Camp Turnpike Road;67
Idaho;Oklahoma City;Calle Real;49
Idaho;Columbia;Via Real;66
Idaho;Springfield;Cabrillo Highway;74
Idaho;Raleigh;East 1st Street;3
Idaho;Oklahoma City;W. Russell St.;84
Idaho;Little Rock;Cabrillo Highway;35
Idaho;Jefferson City;Cerrillos Road;83
Idaho;Jackson;North Erringer Road;49
Idaho;Sacramento;North Erringer Road;100
Idaho;Jackson;East Fry Blvd.;70
Idaho;Pierre;Erringer Road;83
Idaho;Topeka;North Erringer Road;65
Idaho;Des Moines;Bowles Avenue;52
Idaho;Boston;Lake Tahoe Blvd.;18
Idaho;Sacramento;East Calle Primera;26
Idaho;Springfield;Castillo Drive;12
Illinois;Jefferson City;Jones Road;6
Illinois;Santa Fe;Carpinteria Avenue;75
Illinois;Honolulu;San Simeon;13
Illinois;Augusta;S Rustle St;31
Illinois;Springfield;San Diego Freeway;8
Illinois;Phoenix;East Calle Primera;27
Illinois;Salem;Harbor Dr;43
Illinois;Tallahassee;Carpinteria North;27
Illinois;Juneau;Padre Boulevard;91
Illinois;Little Rock;Steele Lane;22
Illinois;Boston;Calle Real;25
Illinois;Albany;Fontaine Road;88
Illinois;Raleigh;Jones Road;20
Illinois;Phoenix;Tully Road East;68
Illinois;Phoenix;San Ysidro Blvd;83
Illinois;Springfield;Santa Rosa North;92
Illinois;Baton Rouge;Santa Ana Freeway;55
Illinois;Bismarck;Tully Road East;41
Illinois;Albany;San Marcos;46
Indiana;Montpelier;North Preisker Lane;100
Indiana;Boise;Burnett Road;14
Indiana;Springfield;Erringer Road;43
Indiana;Juneau;Corona Del Mar;40
Indiana;Annapolis;Fontaine Road;26
Indiana;Bismarck;North Broadway Street;71
Indiana;Montpelier;Jean de la Fontaine;48
Indiana;Trenton;Jones Road;90
Indiana;Little Rock;East Main Street;28
Indiana;Sacramento;Bowles Avenue;90
Indiana;Salem;Milpas Street;79
Indiana;Lansing;E Fowler Avenue;51
Indiana;Springfield;Carpinteria South;9
Indiana;Baton Rouge;Milpas Street;43
Indiana;Albany;S Rustle St;65
Indiana;Austin;N Kentwood;80
Indiana;Salem;Westside Freeway;50
Iowa;Salem;Fontaine Road;0
Iowa;Oklahoma City;Cleveland Ave.;33
Iowa;Trenton;South Roosevelt Drive;81
Iowa;Annapolis;Cerrillos Road;71
Iowa;Salt Lake City;Pacific Hwy S;51
Iowa;Oklahoma City;Fairview Avenue;89
Iowa;Atlanta;Santa Monica Road;52
Iowa;Lincoln;Santa Ana Freeway;21
Iowa;Little Rock;Moreno Drive;79
Iowa;Montpelier;East 1st Street;38
Iowa;Bismarck;North Broadway Street;22
Iowa;Jefferson City;Moreno Drive;91
Iowa;Olympia;San Luis Obispo North;80
Iowa;Hartford;Moreno Drive;18
Iowa;Des Moines;Westside Freeway;36
Iowa;Little Rock;Greenwood Road;36
Iowa;Carson City;Grandview Drive;36
Iowa;Des Moines;Calle Real;80
Iowa;Oklahoma City;North Ventu Park Road;82
Iowa;Cheyenne;Timberlane Drive;91
Iowa;Columbia;Moreno Drive;0
Iowa;Montgomery;Newbury Road;46
Iowa;Dover;N Harrison St;32
Iowa;Sacramento;Camelback Rd;100
Kansas;Salt Lake City;Burnett Road;28
Kansas;Albany;North Broadway Street;79
Kansas;Providence;Cerrillos Road;92
Kansas;Phoenix;Cerrillos Road;81
Kansas;Raleigh;Erringer Road;60
Kansas;Augusta;Fontaine Road;81
Kansas;Juneau;Jean de la Fontaine;53
Kansas;Providence;W. Russell St.;7
Kansas;Pierre;Cabrillo Highway;65
Kansas;Trenton;Fairview Avenue;85
Kansas;Helena;San Luis Obispo North;14
Kansas;Des Moines;Via Real;27
Kansas;Little Rock;Jones Road;52
Kansas;Concord;Bayshore Freeway;49
Kansas;Tallahassee;Bayshore Freeway;85
Kansas;Saint Paul;South Roosevelt Drive;66
Kansas;Baton Rouge;Fontaine Road;59
Kansas;Olympia;Camelback Rd;53
Kansas;Tallahassee;Woodson Rd.;58
Kansas;Lincoln;North Erringer Road;29
Kansas;Augusta;San Marcos;70
Kansas;Richmond;North Broadway Street;99
Kansas;Santa Fe;South Highway;3
Kansas;Bismarck;Cleveland Ave.;74
Kansas;Juneau;East Calle Primera;46
Kansas;Jefferson City;Fairview Avenue;68
Kentucky;Nashville;North Broadway Street;20
Kentucky;Topeka;Santa Monica Road;77
Kentucky;Santa Fe;Castillo Drive;46
Kentucky;Jackson;Jones Road;3
Kentucky;Harrisburg;El Camino Real;32
Kentucky;Indianapolis;San Luis Obispo North;48
Kentucky;Harrisburg;Milpas Street;18
Kentucky;Helena;N Harrison St;7
Kentucky;Oklahoma City;Bayshore Freeway;84
Kentucky;Annapolis;Harry S Truman Blvd;18
Kentucky;Bismarck;Harry S Truman Blvd;46
Kentucky;Atlanta;Westside Freeway;80
Kentucky;Salt Lake City;San Simeon;23
Kentucky;Harrisburg;Santa Rosa South;7
Kentucky;Salem;Bayshore Freeway;61
Kentucky;Des Moines;East Main Street;21
Kentucky;Sacramento;Katella Avenue;91
Louisiana;Dover;Calle Real;75
Louisiana;Nashville;Greenwood Road;95
Louisiana;Bismarck;Santa Rosa North;19
Louisiana;Augusta;Steele Lane;50
Louisiana;Columbia;San Luis Obispo North;4
Louisiana;Albany;Lake Tahoe Blvd.;7
Louisiana;Des Moines;Harry S Truman Blvd;63
Louisiana;Boston;Lake Tahoe Blvd.;71
Louisiana;Juneau;Newbury Road;68
Louisiana;Denver;Carpinteria South;18
Louisiana;Austin;East 1st Street;61
Louisiana;Honolulu;Bayshore Freeway;94
Louisiana;Springfield;Cleveland Ave.;37
Louisiana;Hartford;Timberlane Drive;45
Louisiana;Lansing;Moreno Drive;60
Louisiana;Jackson;Bayshore Freeway;9
Louisiana;Topeka;Erringer Road;29
Louisiana;Concord;North Erringer Road;99
Louisiana;Phoenix;Santa Monica Road;63
Louisiana;Des Moines;North Atherton Street;37
Louisiana;Albany;San Marcos;25
Louisiana;Santa Fe;East 1st Street;41
Louisiana;Helena;North Preisker Lane;34
Maine;Columbus;East Calle Primera;64
Maine;Lansing;Santa Rosa South;78
Maine;Montpelier;North Atherton Street;32
Maine;Topeka;Apalachee Parkway;82
Maine;Atlanta;North Atherton Street;76
Maine;Des Moines;Moreno Drive;10
Maine;Indianapolis;Carpinteria Avenue;17
Maine;Albany;North Atherton Street;90
Maine;Harrisburg;Calle Real;18
Maine;Denver;Bailard Avenue;31
Maine;Boise;French Camp Turnpike Road;51
Maine;Topeka;Greenwood Road;48
Maine;Indianapolis;El Camino Real;55
Maine;Indianapolis;Milpas Street;88
Maine;Atlanta;Fontaine Road;54
Maine;Pierre;N Kentwood;14
Maine;Denver;Steele Lane;23
Maine;Des Moines;Tully Road East;44
Maine;Jefferson City;Timberlane Drive;82
Maine;Charleston;Cerrillos Road;41
Maine;Montpelier;San Diego Freeway;77
Maine;Carson City;North Erringer Road;11
Maine;Boise;Carpinteria South;100
Maryland;Frankfort;Westside Freeway;39
Maryland;Lansing;Bailard Avenue;74
Maryland;Little Rock;Redwood Highway;17
Maryland;Tallahassee;E Fowler Avenue;74
Maryland;Raleigh;El Camino Real;76
Maryland;Nashville;N Harrison St;81
Maryland;Concord;Pacific Hwy S;51
Maryland;Augusta;South Highway;61
Maryland;Columbia;Lawrenceville Suwanee;89
Maryland;Little Rock;South Roosevelt Drive;18
Maryland;Phoenix;Harry S Truman Blvd;79
Maryland;Little Rock;Steele Lane;61
Maryland;Olympia;East Calle Primera;42
Maryland;Bismarck;North Preisker Lane;33
Maryland;Harrisburg;San Diego Freeway;55
Maryland;Hartford;Camelback Rd;34
Maryland;Atlanta;North Ventu Park Road;9
Maryland;Sacramento;N Harrison St;31
Maryland;Charleston;S Rustle St;42
Maryland;Little Rock;San Ysidro Blvd;6
Massachusetts;Indianapolis;Lindbergh Blvd;7
Massachusetts;Richmond;South Highway;15
Massachusetts;Olympia;Cleveland Ave.;33
Massachusetts;Sacramento;Carpinteria South;91
Massachusetts;Tallahassee;Greenwood Road;43
Massachusetts;Columbia;Steele Lane;7
Massachusetts;Carson City;Katella Avenue;67
Massachusetts;Annapolis;Cerrillos Road;28
Massachusetts;Boston;San Ysidro Blvd;26
Massachusetts;Harrisburg;Jean de la Fontaine;68
Massachusetts;Atlanta;Katella Avenue;51
Massachusetts;Boise;S Rustle St;72
Massachusetts;Annapolis;Santa Monica Road;86
Massachusetts;Jefferson City;Erringer Road;58
Massachusetts;Salt Lake City;Via Real;30
Massachusetts;Madison;Fontaine Road;69
Massachusetts;Tallahassee;Fairview Avenue;21
Massachusetts;Boston;Cabrillo Highway;29
Massachusetts;Indianapolis;Timberlane Drive;85
Massachusetts;Richmond;Katella Avenue;71
Massachusetts;Honolulu;San Luis Obispo North;24
Massachusetts;Hartford;Newbury Road;45
Massachusetts;Springfield;Harry S Truman Blvd;48
Michigan;Little Rock;Lindbergh Blvd;75
Michigan;Hartford;Bayshore Freeway;89
Michigan;Lansing;North Broadway Street;90
Michigan;Juneau;Fairview Avenue;91
Michigan;Providence;Hutchinson Rd;39
Michigan;Salem;Pacific Hwy S;76
Michigan;Lincoln;East Main Street;58
Michigan;Springfield;Jones Road;2
Michigan;Helena;El Camino Real;85
Michigan;Hartford;Harbor Dr;14
Michigan;Raleigh;Lake Tahoe Blvd.;57
Michigan;Bismarck;San Marcos;72
Michigan;Columbus;Cleveland Ave.;1
Michigan;Des Moines;Fontaine Road;8
Michigan;Jackson;El Camino Real;71
Michigan;Charleston;Timberlane Drive;33
Michigan;Concord;East 1st Street;2
Michigan;Montgomery;South Highway;47
Minnesota;Topeka;San Diego Freeway;74
Minnesota;Baton Rouge;S Rustle St;14
Minnesota;Jackson;East Calle Primera;34
Minnesota;Salt Lake City;N Harrison St;17
Minnesota;Tallahassee;San Marcos;66
Minnesota;Madison;South Highway;49
Minnesota;Hartford;Monroe Street;13
Minnesota;Santa Fe;San Ysidro Blvd;20
Minnesota;Springfield;East Calle Primera;20
Minnesota;Columbia;Camelback Rd;72
Minnesota;Saint Paul;Moreno Drive;87
Minnesota;Jefferson City;Corona Del Mar;66
Minnesota;Baton Rouge;South Highway;60
Minnesota;Frankfort;Bayshore Freeway;17
Minnesota;Honolulu;Fairview Avenue;71
Minnesota;Bismarck;Hutchinson Rd;25
Minnesota;Boise;Carpinteria Avenue;18
Minnesota;Denver;Tanger Blvd;19
Minnesota;Indianapolis;Carpinteria North;56
Minnesota;Columbia;Fontaine Road;42
Minnesota;Boston;Grandview Drive;38
Minnesota;Frankfort;E Fowler Avenue;54
Minnesota;Phoenix;N Kentwood;80
Mississippi;Jefferson City;Castillo Drive;90
Mississippi;Jackson;Tanger Blvd;12
Mississippi;Cheyenne;Calle Real;84
Mississippi;Harrisburg;South Highway;76
Mississippi;Lincoln;Camelback Rd;9
Mississippi;Santa Fe;Santa Monica Road;18
Mississippi;Lansing;Santa Ana Freeway;33
Mississippi;Harrisburg;Pacific Hwy S;0
Mississippi;Frankfort;North Preisker Lane;1
Mississippi;Pierre;Santa Rosa South;94
Mississippi;Indianapolis;North Erringer Road;61
Mississippi;Phoenix;San Simeon;90
Mississippi;Dover;Padre Boulevard;26
Mississippi;Oklahoma City;North Erringer Road;98
Mississippi;Lansing;Moreno Drive;22
Mississippi;Lansing;Richmond Hill;88
Mississippi;Indianapolis;Harry S Truman Blvd;62
Mississippi;Baton Rouge;Monroe Street;90
Mississippi;Saint Paul;S Rustle St;38
Mississippi;Topeka;South Roosevelt Drive;59
Missouri;Bismarck;San Marcos;80
Missouri;Jefferson City;Fairview Avenue;62
Missouri;Annapolis;Steele Lane;61
Missouri;Boise;Erringer Road;23
Missouri;Jackson;Monroe Street;29
Missouri;Springfield;Bayshore Freeway;89
Missouri;Santa Fe;Cabrillo Highway;18
Missouri;Phoenix;Tully Road East;21
Missouri;Boise;Via Real;97
Missouri;Dover;El Camino Real;85
Missouri;Lansing;Carpinteria North;82
Missouri;Sacramento;Jones Road;40
Missouri;Richmond;East Main Street;16
Missouri;Montgomery;North Broadway Street;91
Missouri;Des Moines;S Rustle St;73
Missouri;Oklahoma City;N Kentwood;48
Missouri;Hartford;Via Real;53
Missouri;Springfield;Via Real;54
Missouri;Lansing;Pacific Hwy S;36
Missouri;Salt Lake City;Greenwood Road;56
Missouri;Madison;W. Russell St.;48
Missouri;Honolulu;S Rustle St;95
Montana;Nashville;San Simeon;12
Montana;Lincoln;Carpinteria Avenue;76
Montana;Phoenix;Santa Ana Freeway;91
Montana;Jackson;Bayshore Freeway;50
Montana;Lincoln;French Camp Turnpike Road;36
Montana;Dover;Via Real;1
Montana;Sacramento;North Preisker Lane;52
Montana;Jefferson City;South Highway;100
Montana;Charleston;Burnett Road;18
Montana;Albany;East Main Street;28
Montana;Topeka;Harbor Dr;30
Montana;Jackson;Redwood Highway;94
Montana;Salt Lake City;Carpinteria Avenue;88
Montana;Denver;Bailard Avenue;44
Montana;Harrisburg;Cerrillos Road;16
Montana;Charleston;East Main Street;12
Montana;Austin;Fairview Avenue;89
Montana;Trenton;Katella Avenue;24
Montana;Frankfort;N Harrison St;42
Montana;Salt Lake City;Woodson Rd.;72
Montana;Honolulu;Carpinteria North;60
Montana;Harrisburg;Carpinteria South;64
Montana;Columbus;Newbury Road;56
Montana;Salem;Lawrenceville Suwanee;52
Montana;Frankfort;East Main Street;55
Montana;Bismarck;Cabrillo Highway;91
Montana;Santa Fe;North Ventu Park Road;76
Nebraska;Nashville;Tully Road East;57
Nebraska;Lincoln;San Luis Obispo North;80
Nebraska;Little Rock;Bailard Avenue;21
Nebraska;Des Moines;Calle Real;55
Nebraska;Richmond;East Main Street;79
Nebraska;Bismarck;North Erringer Road;53
Nebraska;Boise;Apalachee Parkway;43
Nebraska;Hartford;Harbor Dr;50
Nebraska;Madison;Via Real;25
Nebraska;Nashville;Santa Rosa South;99
Nebraska;Salem;Santa Monica Road;55
Nebraska;Santa Fe;North Preisker Lane;85
Nebraska;Columbia;Harry S Truman Blvd;53
Nebraska;Santa Fe;East Fry Blvd.;74
Nebraska;Salt Lake City;El Camino Real;3
Nevada;Harrisburg;Pacific Hwy S;20
Nevada;Dover;Fairview Avenue;54
Nevada;Tallahassee;East 1st Street;2
Nevada;Jackson;N Harrison St;35
Nevada;Carson City;East 1st Street;1
Nevada;Jackson;Bowles Avenue;21
Nevada;Indianapolis;San Simeon;35
Nevada;Oklahoma City;Bayshore Freeway;31
Nevada;Cheyenne;North Broadway Street;15
Nevada;Saint Paul;South Highway;14
Nevada;Santa Fe;Santa Rosa South;95
Nevada;Charleston;East 1st Street;84
Nevada;Madison;Timberlane Drive;99
Nevada;Little Rock;Monroe Street;3
New Hampshire;Baton Rouge;Via Real;24
New Hampshire;Dover;San Ysidro Blvd;67
New Hampshire;Lincoln;North Erringer Road;75
New Hampshire;Oklahoma City;Hutchinson Rd;70
New Hampshire;Bismarck;San Ysidro Blvd;99
New Hampshire;Juneau;Steele Lane;58
New Hampshire;Denver;Lake Tahoe Blvd.;43
New Hampshire;Honolulu;Carpinteria Avenue;94
New Hampshire;Columbia;North Ventu Park Road;7
New Hampshire;Lincoln;San Ysidro Blvd;13
New Hampshire;Nashville;Padre Boulevard;8
New Hampshire;Harrisburg;Greenwood Road;19
New Hampshire;Juneau;Tanger Blvd;98
New Hampshire;Trenton;San Luis Obispo North;65
New Hampshire;Juneau;Carpinteria Avenue;74
New Hampshire;Harrisburg;Carpinteria North;58
New Hampshire;Atlanta;San Simeon;1
New Hampshire;Topeka;East 1st Street;6
New Hampshire;Oklahoma City;Timberlane Drive;68
New Hampshire;Boise;Richmond Hill;79
New Hampshire;Annapolis;Hutchinson Rd;20
New Hampshire;Madison;Monroe Street;44
New Hampshire;Jackson;Carpinteria North;3
New Hampshire;Albany;Cabrillo Highway;16
New Jersey;Bismarck;Monroe Street;28
New Jersey;Cheyenne;Erringer Road;90
New Jersey;Boston;N Kentwood;55
New Jersey;Baton Rouge;Via Real;52
New Jersey;Augusta;Hutchinson Rd;64
New Jersey;Jefferson City;Greenwood Road;41
New Jersey;Baton Rouge;San Luis Obispo North;74
New Jersey;Salt Lake City;S Rustle St;2
New Jersey;Bismarck;East Fry Blvd.;1
New Jersey;Topeka;North Erringer Road;80
New Jersey;Topeka;Lake Tahoe Blvd.;66
New Jersey;Montpelier;Carpinteria North;32
New Jersey;Des Moines;North Ventu Park Road;13
New Jersey;Olympia;North Ventu Park Road;7
New Jersey;Denver;Woodson Rd.;8
New Jersey;Carson City;San Luis Obispo North;22
New Jersey;Phoenix;Cabrillo Highway;93
New Jersey;Dover;Bailard Avenue;35
New Jersey;Boise;El Camino Real;73
New Mexico;Boise;Corona Del Mar;94
New Mexico;Topeka;Bayshore Freeway;100
New Mexico;Annapolis;French Camp Turnpike Road;66
New Mexico;Columbia;Harbor Dr;94
New Mexico;Atlanta;Fairview Avenue;34
New Mexico;Lincoln;E Fowler Avenue;32
New Mexico;Oklahoma City;East Fry Blvd.;44
New Mexico;Oklahoma City;Erringer Road;19
New Mexico;Springfield;Camelback Rd;43
New Mexico;Bismarck;Harbor Dr;7
New Mexico;Indianapolis;Katella Avenue;97
New Mexico;Nashville;E Fowler Avenue;5
New Mexico;Albany;Richmond Hill;18
New Mexico;Austin;French Camp Turnpike Road;25
New Mexico;Columbia;North Atherton Street;95
New Mexico;Hartford;Harbor Dr;87
New York;Richmond;North Ventu Park Road;75
New York;Olympia;Newbury Road;83
New York;Lansing;Tully Road East;98
New York;Oklahoma City;Lawrenceville Suwanee;92
New York;Dover;San Diego Freeway;99
New York;Charleston;Burnett Road;59
New York;Austin;South Roosevelt Drive;26
New York;Olympia;San Diego Freeway;100
New York;Saint Paul;Lindbergh Blvd;35
New York;Concord;Grandview Drive;33
New York;Trenton;San Simeon;15
New York;Honolulu;San Ysidro Blvd;93
New York;Saint Paul;North Broadway Street;72
New York;Juneau;San Diego Freeway;67
New York;Annapolis;San Luis Obispo North;18
New York;Santa Fe;Burnett Road;53
New York;Juneau;South Roosevelt Drive;100
New York;Sacramento;N Harrison St;98
New York;Bismarck;South Roosevelt Drive;17
New York;Montpelier;Cleveland Ave.;95
North Carolina;Phoenix;French Camp Turnpike Road;34
North Carolina;Saint Paul;San Ysidro Blvd;93
North Carolina;Jackson;Redwood Highway;13
North Carolina;Nashville;Carpinteria Avenue;97
North Carolina;Hartford;San Simeon;96
North Carolina;Santa Fe;Corona Del Mar;23
North Carolina;Des Moines;Via Real;76
North Carolina;Raleigh;Calle Real;31
North Carolina;Salem;Carpinteria North;29
North Carolina;Little Rock;W. Russell St.;6
North Carolina;Indianapolis;Hutchinson Rd;79
North Carolina;Jefferson City;Richmond Hill;14
North Carolina;Salem;N Harrison St;35
North Carolina;Albany;Cleveland Ave.;56
North Carolina;Little Rock;South Roosevelt Drive;90
North Carolina;Columbus;N Harrison St;62
North Carolina;Austin;Cerrillos Road;0
North Carolina;Dover;S Rustle St;59
North Carolina;Topeka;Newbury Road;30
North Carolina;Hartford;N Kentwood;92
North Carolina;Richmond;Richmond Hill;100
North Carolina;Boston;W. Russell St.;12
North Carolina;Atlanta;East Fry Blvd.;2
North Carolina;Frankfort;W. Russell St.;83
North Carolina;Salem;Santa Monica Road;75
North Dakota;Carson City;Fairview Avenue;16
North Dakota;Little Rock;Redwood Highway;46
North Dakota;Des Moines;North Broadway Street;82
North Dakota;Frankfort;North Preisker Lane;100
North Dakota;Santa Fe;Greenwood Road;38
North Dakota;Phoenix;El Camino Real;88
North Dakota;Austin;East Fry Blvd.;89
North Dakota;Pierre;North Broadway Street;6
North Dakota;Lincoln;Newbury Road;98
North Dakota;Phoenix;North Ventu Park Road;15
North Dakota;Frankfort;Fairview Avenue;62
North Dakota;Madison;Bayshore Freeway;56
North Dakota;Saint Paul;S Rustle St;32
North Dakota;Saint Paul;Cleveland Ave.;83
North Dakota;Madison;Jean de la Fontaine;46
North Dakota;Jefferson City;South Highway;56
North Dakota;Santa Fe;San Simeon;45
North Dakota;Jefferson City;Steele Lane;42
North Dakota;Indianapolis;Hutchinson Rd;58
North Dakota;Little Rock;Jones Road;46
North Dakota;Richmond;Steele Lane;77
North Dakota;Albany;Newbury Road;97
North Dakota;Raleigh;Castillo Drive;11
North Dakota;Columbus;Camelback Rd;2
North Dakota;Pierre;San Ysidro Blvd;22
North Dakota;Columbia;San Ysidro Blvd;23
Ohio;Honolulu;Castillo Drive;12
Ohio;Tallahassee;French Camp Turnpike Road;86
Ohio;Springfield;Tanger Blvd;1
Ohio;Carson City;Fairview Avenue;23
Ohio;Nashville;Westside Freeway;4
Ohio;Dover;Bowles Avenue;39
Ohio;Sacramento;Lindbergh Blvd;83
Ohio;Sacramento;Cleveland Ave.;17
Ohio;Santa Fe;Lake Tahoe Blvd.;35
Ohio;Baton Rouge;Pacific Hwy S;6
Ohio;Nashville;Lake Tahoe Blvd.;24
Ohio;Harrisburg;San Simeon;40
Ohio;Bismarck;Fairview Avenue;78
Ohio;Austin;Santa Monica Road;37
Ohio;Nashville;San Simeon;31
Ohio;Nashville;French Camp Turnpike Road;3
Ohio;Nashville;East Fry Blvd.;42
Ohio;Nashville;Westside Freeway;7
Ohio;Denver;East Main Street;69
Ohio;Baton Rouge;San Ysidro Blvd;77
Ohio;Boston;Newbury Road;2
Ohio;Austin;South Highway;42
Oklahoma;Saint Paul;Apalachee Parkway;93
Oklahoma;Columbus;Cabrillo Highway;73
Oklahoma;Lansing;East 1st Street;49
Oklahoma;Harrisburg;N Kentwood;82
Oklahoma;Santa Fe;San Marcos;15
Oklahoma;Jefferson City;East Fry Blvd.;30
Oklahoma;Honolulu;South Roosevelt Drive;27
Oklahoma;Salt Lake City;Burnett Road;64
Oklahoma;Frankfort;Hutchinson Rd;100
Oklahoma;Honolulu;Calle Real;27
Oklahoma;Sacramento;North Ventu Park Road;69
Oklahoma;Columbia;North Atherton Street;43
Oklahoma;Atlanta;San Ysidro Blvd;51
Oklahoma;Trenton;East Fry Blvd.;81
Oklahoma;Annapolis;Hutchinson Rd;17
Oregon;Jefferson City;Monroe Street;55
Oregon;Little Rock;East 1st Street;6
Oregon;Atlanta;Tanger Blvd;69
Oregon;Honolulu;El Camino Real;39
Oregon;Sacramento;Santa Rosa North;1
Oregon;Cheyenne;Redwood Highway;4
Oregon;Lansing;Santa Rosa North;67
Oregon;Denver;Redwood Highway;21
Oregon;Denver;San Diego Freeway;52
Oregon;Nashville;Calle Real;41
Oregon;Pierre;Milpas Street;70
Oregon;Trenton;Carpinteria Avenue;18
Oregon;Frankfort;Lindbergh Blvd;44
Oregon;Sacramento;N Kentwood;34
Oregon;Raleigh;North Ventu Park Road;19
Oregon;Montgomery;S Rustle St;95
Oregon;Boise;Timberlane Drive;35
Oregon;Nashville;Corona Del Mar;29
Oregon;Honolulu;San Luis Obispo North;76
Oregon;Augusta;Tully Road East;31
Oregon;Nashville;Richmond Hill;60
Oregon;Baton Rouge;Cerrillos Road;8
Oregon;Columbus;South Roosevelt Drive;0
Pennsylvania;Charleston;Katella Avenue;9
Pennsylvania;Raleigh;Cerrillos Road;91
Pennsylvania;Pierre;San Simeon;71
Pennsylvania;Jackson;Bailard Avenue;4
Pennsylvania;Salem;Calle Real;48
Pennsylvania;Columbus;Padre Boulevard;68
Pennsylvania;Trenton;Harbor Dr;65
Pennsylvania;Santa Fe;East Fry Blvd.;51
Pennsylvania;Jefferson City;Santa Rosa North;67
Pennsylvania;Albany;North Erringer Road;79
Pennsylvania;Atlanta;Grandview Drive;70
Pennsylvania;Indianapolis;Fontaine Road;49
Pennsylvania;Richmond;North Broadway Street;40
Pennsylvania;Albany;N Kentwood;54
Pennsylvania;Providence;Bailard Avenue;99
Pennsylvania;Concord;North Atherton Street;49
Pennsylvania;Trenton;East Calle Primera;54
Pennsylvania;Jackson;Santa Rosa South;30
Pennsylvania;Madison;Castillo Drive;26
Pennsylvania;Sacramento;Santa Rosa South;23
Pennsylvania;Juneau;Carpinteria South;51
Pennsylvania;Jefferson City;Lindbergh Blvd;70
Pennsylvania;Lansing;Santa Ana Freeway;22
Pennsylvania;Salt Lake City;W. Russell St.;0
Rhode Island;Olympia;Westside Freeway;71
Rhode Island;Augusta;Harry S Truman Blvd;19
Rhode Island;Trenton;Camelback Rd;24
Rhode Island;Lansing;Tanger Blvd;65
Rhode Island;Concord;Jones Road;45
Rhode Island;Honolulu;Hutchinson Rd;34
Rhode Island;Nashville;Monroe Street;35
Rhode Island;Topeka;North Erringer Road;63
Rhode Island;Salt Lake City;East Calle Primera;79
Rhode Island;Santa Fe;Moreno Drive;14
Rhode Island;Bismarck;N Kentwood;93
Rhode Island;Oklahoma City;North Broadway Street;30
Rhode Island;Bismarck;Padre Boulevard;74
Rhode Island;Carson City;Cabrillo Highway;24
Rhode Island;Harrisburg;Lindbergh Blvd;9
Rhode Island;Pierre;Lake Tahoe Blvd.;53
Rhode Island;Little Rock;Santa Monica Road;22
Rhode Island;Jefferson City;Santa Rosa South;66
Rhode Island;Concord;South Roosevelt Drive;99
Rhode Island;Augusta;San Simeon;42
Rhode Island;Olympia;San Ysidro Blvd;5
South Carolina;Harrisburg;South Roosevelt Drive;3
South Carolina;Jefferson City;San Marcos;51
South Carolina;Springfield;North Broadway Street;77
South Carolina;Madison;Carpinteria Avenue;52
South Carolina;Madison;Timberlane Drive;96
South Carolina;Jefferson City;Cleveland Ave.;59
South Carolina;Concord;Erringer Road;27
South Carolina;Carson City;Lawrenceville Suwanee;68
South Carolina;Harrisburg;Santa Rosa South;73
South Carolina;Columbus;Cleveland Ave.;56
South Carolina;Pierre;Santa Ana Freeway;35
South Carolina;Dover;North Erringer Road;1
South Carolina;Columbia;Redwood Highway;10
South Carolina;Little Rock;Carpinteria South;13
South Carolina;Providence;Cleveland Ave.;21
South Carolina;Topeka;Cabrillo Highway;87
South Carolina;Honolulu;E Fowler Avenue;51
South Carolina;Columbia;South Highway;73
South Carolina;Phoenix;Steele Lane;71
South Carolina;Trenton;Santa Monica Road;39
South Carolina;Boston;Grandview Drive;100
South Carolina;Boise;Erringer Road;21
South Carolina;Jefferson City;North Preisker Lane;99
South Carolina;Columbus;Bayshore Freeway;2
South Dakota;Des Moines;North Ventu Park Road;7
South Dakota;Annapolis;Woodson Rd.;45
South Dakota;Montpelier;Katella Avenue;95
South Dakota;Springfield;Erringer Road;48
South Dakota;Columbus;Monroe Street;98
South Dakota;Springfield;Timberlane Drive;6
South Dakota;Little Rock;Westside Freeway;36
South Dakota;Salt Lake City;San Diego Freeway;80
South Dakota;Saint Paul;French Camp Turnpike Road;85
South Dakota;Olympia;Harry S Truman Blvd;19
South Dakota;Oklahoma City;San Marcos;29
South Dakota;Columbia;North Atherton Street;25
South Dakota;Salem;Fairview Avenue;70
South Dakota;Cheyenne;Santa Monica Road;26
South Dakota;Dover;East Main Street;30
South Dakota;Phoenix;Tanger Blvd;41
South Dakota;Springfield;East 1st Street;23
South Dakota;Topeka;Carpinteria South;49
South Dakota;Little Rock;Lindbergh Blvd;80
Tennessee;Juneau;San Ysidro Blvd;34
Tennessee;Phoenix;San Ysidro Blvd;26
Tennessee;Hartford;Lake Tahoe Blvd.;91
Tennessee;Little Rock;Castillo Drive;100
Tennessee;Juneau;Greenwood Road;16
Tennessee;Austin;San Ysidro Blvd;16
Tennessee;Providence;Westside Freeway;88
Tennessee;Jackson;Woodson Rd.;18
Tennessee;Saint Paul;Tanger Blvd;12
Tennessee;Des Moines;East 1st Street;99
Tennessee;Phoenix;North Erringer Road;8
Tennessee;Concord;Bowles Avenue;19
Tennessee;Montpelier;Westside Freeway;81
Tennessee;Juneau;North Ventu Park Road;98
Tennessee;Helena;Moreno Drive;98
Tennessee;Cheyenne;Fontaine Road;3
Tennessee;Jackson;Burnett Road;45
Tennessee;Jefferson City;Castillo Drive;52
Tennessee;Jefferson City;Timberlane Drive;5
Tennessee;Springfield;San Simeon;52
Tennessee;Raleigh;Cabrillo Highway;8
Tennessee;Jefferson City;Tanger Blvd;26
Texas;Lansing;Jones Road;93
Texas;Topeka;Monroe Street;39
Texas;Montpelier;Calle Real;72
Texas;Phoenix;North Broadway Street;59
Texas;Trenton;Steele Lane;83
Texas;Atlanta;Cerrillos Road;15
Texas;Jefferson City;Santa Ana Freeway;65
Texas;Albany;Santa Monica Road;42
Texas;Santa Fe;N Kentwood;40
Texas;Oklahoma City;Castillo Drive;88
Texas;Nashville;Greenwood Road;56
Texas;Montpelier;North Preisker Lane;96
Texas;Denver;Redwood Highway;16
Texas;Olympia;Bailard Avenue;18
Texas;Albany;Calle Real;93
Texas;Santa Fe;Padre Boulevard;79
Texas;Tallahassee;Steele Lane;31
Texas;Boston;S Rustle St;65
Texas;Bismarck;Timberlane Drive;92
Texas;Atlanta;N Kentwood;31
Texas;Albany;Bailard Avenue;58
Texas;Cheyenne;Jean de la Fontaine;7
Texas;Santa Fe;East Calle Primera;56
Utah;Salt Lake City;Jean de la Fontaine;0
Utah;Springfield;Carpinteria North;83
Utah;Saint Paul;Redwood Highway;61
Utah;Raleigh;S Rustle St;38
Utah;Springfield;North Ventu Park Road;75
Utah;Tallahassee;Bowles Avenue;67
Utah;Bismarck;Lake Tahoe Blvd.;80
Utah;Salem;Westside Freeway;97
Utah;Dover;Richmond Hill;11
Utah;Providence;San Diego Freeway;11
Utah;Helena;El Camino Real;2
Utah;Springfield;East 1st Street;26
Utah;Des Moines;Woodson Rd.;82
Utah;Oklahoma City;Grandview Drive;7
Utah;Trenton;Lindbergh Blvd;49
Utah;Concord;Santa Monica Road;76
Utah;Cheyenne;San Marcos;15
Utah;Hartford;Bowles Avenue;60
Utah;Baton Rouge;Santa Monica Road;46
Utah;Hartford;Carpinteria North;40
Vermont;Providence;Cerrillos Road;59
Vermont;Juneau;Moreno Drive;20
Vermont;Sacramento;Burnett Road;44
Vermont;Hartford;East Fry Blvd.;96
Vermont;Oklahoma City;Moreno Drive;49
Vermont;Phoenix;Burnett Road;84
Vermont;Dover;Tanger Blvd;66
Vermont;Pierre;Camelback Rd;30
Vermont;Atlanta;N Harrison St;41
Vermont;Concord;Moreno Drive;94
Vermont;Nashville;Santa Monica Road;24
Vermont;Raleigh;Steele Lane;2
Vermont;Cheyenne;Santa Rosa South;33
Vermont;Phoenix;Erringer Road;8
Vermont;Juneau;W. Russell St.;95
Vermont;Nashville;Newbury Road;49
Vermont;Pierre;Santa Rosa North;27
Vermont;Montpelier;North Ventu Park Road;49
Vermont;Hartford;East Calle Primera;64
Vermont;Springfield;El Camino Real;13
Vermont;Columbus;Jones Road;86
Vermont;Boise;North Broadway Street;26
Virginia;Phoenix;Richmond Hill;78
Virginia;Helena;Camelback Rd;78
Virginia;Albany;San Diego Freeway;90
Virginia;Madison;Jones Road;66
Virginia;Carson City;North Broadway Street;23
Virginia;Indianapolis;San Marcos;15
Virginia;Little Rock;Steele Lane;57
Virginia;Charleston;N Harrison St;100
Virginia;Lansing;Cerrillos Road;64
Virginia;Carson City;S Rustle St;75
Virginia;Providence;Padre Boulevard;61
Virginia;Springfield;Tanger Blvd;92
Virginia;Oklahoma City;N Kentwood;31
Virginia;Boise;Jones Road;71
Virginia;Saint Paul;Cleveland Ave.;15
Virginia;Juneau;North Atherton Street;20
Virginia;Trenton;Calle Real;64
Virginia;Phoenix;Bailard Avenue;99
Washington;Raleigh;East Main Street;95
Washington;Concord;W. Russell St.;8
Washington;Juneau;North Broadway Street;79
Washington;Columbus;Erringer Road;19
Washington;Saint Paul;Apalachee Parkway;59
Washington;Pierre;Cabrillo Highway;64
Washington;Helena;Cerrillos Road;28
Washington;Pierre;Steele Lane;80
Washington;Dover;Carpinteria South;1
Washington;Concord;Lake Tahoe Blvd.;39
Washington;Austin;Jones Road;13
Washington;Springfield;North Broadway Street;24
Washington;Phoenix;Bailard Avenue;85
Washington;Sacramento;East 1st Street;96
Washington;Des Moines;Greenwood Road;29
Washington;Juneau;Santa Ana Freeway;29
Washington;Frankfort;N Kentwood;9
Washington;Carson City;Westside Freeway;98
Washington;Juneau;Santa Monica Road;34
Washington;Pierre;Castillo Drive;23
Washington;Dover;Lawrenceville Suwanee;83
West Virginia;Montgomery;Steele Lane;72
West Virginia;Atlanta;East Calle Primera;82
West Virginia;Charleston;Santa Rosa North;84
West Virginia;Phoenix;Tanger Blvd;23
West Virginia;Columbia;North Erringer Road;54
West Virginia;Little Rock;Steele Lane;38
West Virginia;Trenton;Jean de la Fontaine;10
West Virginia;Tallahassee;San Luis Obispo North;42
West Virginia;Frankfort;Cleveland Ave.;8
West Virginia;Bismarck;Pacific Hwy S;40
West Virginia;Baton Rouge;Bowles Avenue;9
West Virginia;Frankfort;Lake Tahoe Blvd.;19
West Virginia;Lansing;South Highway;17
West Virginia;Salem;Carpinteria Avenue;45
West Virginia;Honolulu;East Main Street;86
West Virginia;Saint Paul;San Luis Obispo North;34
West Virginia;Dover;Newbury Road;21
West Virginia;Jefferson City;East 1st Street;43
West Virginia;Saint Paul;Westside Freeway;49
West Virginia;Providence;Santa Monica Road;82
West Virginia;Saint Paul;Westside Freeway;57
West Virginia;Columbia;Cleveland Ave.;18
West Virginia;Olympia;Lawrenceville Suwanee;71
West Virginia;Madison;Fontaine Road;16
Wisconsin;Indianapolis;Carpinteria North;100
Wisconsin;Hartford;Lake Tahoe Blvd.;21
Wisconsin;Sacramento;North Atherton Street;97
Wisconsin;Honolulu;Via Real;11
Wisconsin;Lincoln;Cerrillos Road;56
Wisconsin;Columbus;Fontaine Road;22
Wisconsin;Boston;North Preisker Lane;30
Wisconsin;Juneau;North Ventu Park Road;44
Wisconsin;Jackson;North Atherton Street;51
Wisconsin;Honolulu;Santa Rosa North;80
Wisconsin;Oklahoma City;Calle Real;61
Wisconsin;Salt Lake City;Steele Lane;16
Wisconsin;Des Moines;Santa Ana Freeway;44
Wisconsin;Montgomery;Grandview Drive;20
Wisconsin;Bismarck;Cleveland Ave.;98
Wisconsin;Columbus;Greenwood Road;96
Wisconsin;Richmond;Santa Rosa South;75
Wisconsin;Columbia;Camelback Rd;17
Wisconsin;Oklahoma City;Cleveland Ave.;60
Wisconsin;Saint Paul;Timberlane Drive;10
Wisconsin;Madison;Milpas Street;2
Wisconsin;Lincoln;Newbury Road;87
Wisconsin;Springfield;Castillo Drive;29
Wisconsin;Albany;Padre Boulevard;52
Wisconsin;Olympia;E Fowler Avenue;58
Wisconsin;Trenton;North Atherton Street;74
Wisconsin;Little Rock;North Ventu Park Road;33
Wisconsin;Salt Lake City;Hutchinson Rd;99
Wisconsin;Columbus;Jean de la Fontaine;60
Wyoming;Trenton;North Broadway Street;63
Wyoming;Denver;Tully Road East;44
Wyoming;Oklahoma City;Corona Del Mar;28
Wyoming;Salem;Carpinteria North;28
Wyoming;Des Moines;North Ventu Park Road;0
Wyoming;Columbia;Erringer Road;46
Wyoming;Indianapolis;Monroe Street;66
Wyoming;Columbia;N Harrison St;78
Wyoming;Lincoln;Cleveland Ave.;54
Wyoming;Boise;East Main Street;70
Wyoming;Charleston;W. Russell St.;32
